Date,hour
5/27/21,13:00:00
5/27/21,17:00:00
5/27/21,21:00:00
5/28/21,1:00:00
5/28/21,5:00:00
5/28/21,9:00:00
5/28/21,13:00:00
5/28/21,17:00:00
5/28/21,21:00:00
5/29/21,1:00:00
5/29/21,5:00:00
5/29/21,9:00:00
5/29/21,13:00:00
5/29/21,17:00:00
5/29/21,21:00:00
5/30/21,1:00:00
5/30/21,5:00:00
5/30/21,9:00:00
5/30/21,13:00:00
5/30/21,17:00:00
5/30/21,21:00:00
5/31/21,1:00:00
5/31/21,5:00:00
5/31/21,9:00:00
5/31/21,13:00:00
5/31/21,17:00:00
5/31/21,21:00:00
6/1/21,1:00:00
6/1/21,5:00:00
6/1/21,9:00:00
6/1/21,13:00:00
6/1/21,17:00:00
6/1/21,21:00:00
6/2/21,1:00:00
6/2/21,5:00:00
6/2/21,9:00:00
6/2/21,13:00:00
6/2/21,17:00:00
6/2/21,21:00:00
6/3/21,1:00:00
6/3/21,5:00:00
6/3/21,9:00:00
6/3/21,13:00:00
6/3/21,17:00:00
6/3/21,21:00:00
6/4/21,1:00:00
6/4/21,5:00:00
6/4/21,9:00:00
6/4/21,13:00:00
6/4/21,17:00:00
6/4/21,21:00:00
6/5/21,1:00:00
6/5/21,5:00:00
6/5/21,9:00:00
6/5/21,13:00:00
6/5/21,17:00:00
6/5/21,21:00:00
6/6/21,1:00:00
6/6/21,5:00:00
6/6/21,9:00:00
6/6/21,13:00:00
6/6/21,17:00:00
6/6/21,21:00:00
6/7/21,1:00:00
6/7/21,5:00:00
6/7/21,9:00:00
6/7/21,13:00:00
6/7/21,17:00:00
6/7/21,21:00:00
6/8/21,1:00:00
6/8/21,5:00:00
6/8/21,9:00:00
6/8/21,13:00:00
6/8/21,17:00:00
6/8/21,21:00:00
6/9/21,1:00:00
6/9/21,5:00:00
6/9/21,9:00:00
6/9/21,13:00:00
6/9/21,17:00:00
6/9/21,21:00:00
6/10/21,1:00:00
6/10/21,5:00:00
6/10/21,9:00:00
6/10/21,13:00:00
6/10/21,21:00:00
6/11/21,5:00:00
6/11/21,9:00:00
6/11/21,13:00:00
6/11/21,17:00:00
6/11/21,21:00:00
6/12/21,1:00:00
6/12/21,5:00:00
6/12/21,9:00:00
6/12/21,13:00:00
6/12/21,17:00:00
6/13/21,1:00:00
6/13/21,5:00:00
6/13/21,9:00:00
6/13/21,13:00:00
6/13/21,21:00:00
6/14/21,1:00:00
6/14/21,5:00:00
6/14/21,9:00:00
6/14/21,13:00:00
6/14/21,17:00:00
6/14/21,21:00:00
6/15/21,1:00:00
6/15/21,5:00:00
6/15/21,9:00:00
6/15/21,13:00:00
6/15/21,17:00:00
6/15/21,21:00:00
6/16/21,1:00:00
6/16/21,5:00:00
6/16/21,9:00:00
6/16/21,13:00:00
6/16/21,17:00:00
6/16/21,21:00:00
6/17/21,1:00:00
6/17/21,5:00:00
6/17/21,9:00:00
6/17/21,13:00:00
6/17/21,17:00:00
6/17/21,21:00:00
6/18/21,1:00:00
6/18/21,5:00:00
6/18/21,9:00:00
6/18/21,13:00:00
,
,